Ashraf,
Ashraf,
Ashraf,
Ashraf,
Ashraf,
Ashraf,
Ashraf,
Ashraf,
Ashraf,
Ashraf,
Ashraf,
Ashraf,
Ashraf,
Ashraf,
Ashraf,
Ashraf,
Ashraf,
Ashraf,
Ashraf,
Ashraf,
The Dark World,Md Samrat Akbor,50
The Dark World,Md Samrat Akbor,50
The Dark World,Md Samrat Akbor,50
The Dark World,Md Samrat Akbor,50
The Dark World,Md Samrat Akbor,50
The Dark World,Md Samrat Akbor,50
The Dark World,Md Samrat Akbor,50
The Dark World,Md Samrat Akbor,50
The Dark World,Md Samrat Akbor,50
The Dark World,Md Samrat Akbor,50
The Dark World,Md Samrat Akbor,50
The Dark World,Md Samrat Akbor,50
